Cultist,Stealth,Influence,Endurance,Lore,Economic,Strength,Insanity,Position
Nellie Simpson,3.5,1.4,4.9,3.9,2.5,4.3,4.8,Assassin
Brad Garner,4.6,1.7,3.4,1.9,0.1,4.9,2.0,Assassin
Kristen Watkins,4.1,2.3,2.4,1.8,0.7,0.7,0.4,Assassin
Marcella Peters,4.0,2.2,2.9,2.7,4.7,4.8,1.0,Accountant
Vivian Montgomery,1.1,0.5,3.5,0.3,3.8,2.0,3.3,Assassin
Mildred Roberson,4.6,2.4,3.4,2.2,4.0,0.3,2.9,Accountant
Pat Miles,1.3,2.5,3.3,1.1,0.5,3.1,3.6,Enforcer
Ed Briggs,4.5,3.8,0.9,2.9,4.7,1.1,2.3,Advisor
Vanessa Strickland,4.4,0.9,2.5,0.4,3.4,0.9,4.4,Assassin
Marguerite Adkins,0.9,3.1,2.6,0.5,4.6,4.4,1.1,Enforcer
Patrick Newman,1.7,2.5,2.1,0.1,0.1,0.2,2.4,Recruiter
Teri Goodwin,1.2,1.8,2.4,4.8,0.2,1.6,3.1,Priest
Drew Underwood,0.5,2.4,3.4,1.9,3.1,3.1,4.4,Priest
Jonathon Stephens,1.8,2.7,4.8,2.8,0.7,4.3,2.2,Enforcer
Pauline Martinez,4.7,3.5,2.0,2.7,2.9,1.3,4.6,Recruiter
Cathy Brewer,0.6,1.6,3.2,0.8,4.1,3.0,0.1,Accountant
Dora Holloway,4.4,4.3,0.2,2.9,3.5,2.7,3.5,Advisor
Joan Sharp,3.4,0.0,1.9,2.0,2.7,1.3,0.4,Accountant
Darrell Murray,4.1,2.5,0.9,1.0,2.0,3.9,4.0,Assassin
Jessie Edwards,1.6,0.4,0.8,4.6,2.8,1.1,1.6,Advisor
Claudia Burgess,1.7,1.0,4.5,0.5,1.1,2.5,2.5,Enforcer
Hubert Stewart,0.8,0.5,2.9,3.5,2.4,3.3,3.2,Priest
Edna Boone,2.5,0.0,4.6,3.6,4.7,0.8,5.0,Accountant
Perry Bates,4.3,1.8,3.3,2.4,0.4,2.6,0.9,Assassin
Yvette Smith,3.8,0.7,2.1,3.5,4.4,3.5,3.8,Assassin
Shawn Hawkins,1.1,0.2,0.1,1.3,4.0,2.8,0.1,Accountant
Brandy Goodman,1.5,3.3,0.7,2.2,1.9,1.8,2.9,Recruiter
Roosevelt Bowers,3.7,3.6,3.6,4.4,1.7,4.9,2.6,Enforcer
Pedro Brock,4.0,0.6,4.4,4.9,4.0,0.2,2.0,Accountant
Geoffrey Castillo,4.1,1.2,1.4,3.7,2.8,1.6,1.2,Accountant
Wendy Cannon,1.0,0.2,1.0,4.1,0.7,0.4,4.0,Priest
Kristopher Pena,2.3,2.6,4.5,3.2,1.9,1.2,3.3,Priest
Philip Graves,0.2,1.6,4.3,1.9,3.5,2.7,2.9,Priest
Dustin Gregory,2.9,3.3,4.5,3.9,0.6,4.0,2.4,Enforcer
Patty Manning,1.7,4.9,1.2,0.4,4.9,3.1,5.0,Recruiter
Sonja Kelley,4.9,2.0,3.2,0.0,0.1,4.7,2.7,Assassin
Marion Phillips,2.5,1.0,0.2,1.9,2.8,3.9,0.8,Advisor
Alfred Blake,0.0,1.5,1.0,4.1,2.7,2.0,0.5,Advisor
Jim Robbins,0.5,4.8,3.0,3.1,4.3,0.0,4.3,Recruiter
Lola Powell,3.7,3.3,4.7,1.9,4.2,1.9,1.4,Accountant
Willis Warren,3.5,2.5,1.6,2.3,1.1,0.1,4.6,Recruiter
Eloise Ortega,3.1,0.4,3.0,1.5,0.3,2.9,3.6,Assassin
Edmund Garcia,1.7,3.5,1.8,0.0,3.2,4.7,0.6,Enforcer
Rachel Holt,3.6,0.5,1.5,4.3,4.5,2.5,2.3,Accountant
Natalie Carson,4.8,3.3,0.1,1.9,2.1,0.9,0.2,Advisor
Boyd Vaughn,4.0,4.3,3.2,3.8,2.3,1.3,0.5,Advisor
Gerard Harmon,0.8,2.8,2.4,2.0,1.5,1.2,0.3,Accountant
Deborah Herrera,4.5,2.7,3.7,0.8,3.0,1.5,4.0,Assassin
Hugo Bradley,0.1,3.0,4.4,2.8,2.9,4.5,4.0,Enforcer
Alma Richardson,1.4,4.7,4.3,3.1,4.5,2.4,0.4,Accountant
Micheal Abbott,0.2,4.4,3.4,3.5,2.9,1.8,2.7,Priest
Jerald Ramos,4.0,0.5,4.7,1.4,1.4,3.0,4.3,Assassin
Mona Stevenson,0.7,5.0,4.7,2.5,4.9,0.4,4.5,Priest
Garry Baker,3.1,4.9,2.9,4.2,3.6,4.3,1.6,Advisor
Tammy Clarke,2.9,1.7,3.7,2.7,1.2,3.2,3.4,Assassin
Elbert Stevens,2.2,4.4,4.7,2.9,2.9,3.1,3.4,Enforcer
Stanley Huff,0.9,1.0,0.0,2.8,0.9,2.2,0.7,Advisor
Maryann Allen,0.0,4.3,1.0,0.9,0.3,4.1,3.8,Enforcer
Israel Nunez,2.3,0.7,4.8,0.9,0.5,2.9,4.0,Assassin
Roberta Lucas,0.9,4.4,1.7,3.7,2.6,2.1,3.9,Recruiter
Jamie Nash,3.1,3.9,0.3,0.5,1.0,4.9,2.8,Enforcer
Lance Roberts,5.0,0.3,4.1,1.2,4.2,0.2,4.6,Assassin
Maurice Reid,0.9,1.9,2.4,2.3,0.4,0.9,3.3,Priest
Julia Hopkins,3.1,1.5,0.4,3.8,2.7,0.4,1.3,Advisor
Kenneth Chandler,3.8,1.7,3.9,3.0,2.9,4.2,0.5,Accountant
Eleanor Harper,1.0,3.9,0.8,4.4,3.9,2.1,0.5,Advisor
Sammy Mason,3.8,0.3,1.1,4.3,1.0,1.7,3.3,Assassin
Erin Jimenez,0.6,4.4,3.4,3.6,3.2,1.8,0.8,Accountant
Gina Mitchell,3.5,3.8,4.3,1.1,2.6,3.4,0.4,Enforcer
Adrienne Nichols,1.6,1.6,4.3,2.8,1.8,1.0,1.2,Accountant
Hattie Taylor,0.4,0.9,1.3,2.2,3.0,2.0,0.0,Accountant
Shawna Waters,2.6,3.1,4.5,2.3,5.0,2.4,4.9,Priest
Derrick Peterson,3.6,1.4,1.5,1.2,2.2,0.7,2.9,Assassin
Evan Romero,2.0,1.7,4.1,4.1,1.8,2.4,3.0,Priest
Everett Gomez,3.7,0.7,1.5,0.7,1.3,3.8,0.0,Assassin
Diana Ballard,4.1,3.4,2.0,3.0,3.5,0.6,1.3,Advisor
Jennifer Gardner,2.7,1.6,1.9,0.7,2.0,0.3,4.9,Recruiter
Natasha Patton,0.3,3.2,3.9,4.7,0.4,0.2,2.4,Priest
Rita Patrick,0.7,1.5,4.7,0.5,4.5,0.3,3.2,Accountant
Roger Sutton,4.4,0.7,2.3,4.0,1.8,3.4,3.6,Assassin
Lorraine Lee,4.2,0.7,3.4,1.2,1.7,4.0,1.9,Assassin
Nina Poole,3.0,0.0,1.3,1.3,0.0,2.8,1.6,Assassin
Lyle Glover,1.1,3.1,4.3,2.1,2.2,3.3,0.0,Enforcer
Theresa Woods,3.6,4.8,3.9,5.0,1.8,2.5,1.2,Advisor
Lynn Howell,1.2,2.9,3.5,1.8,0.9,4.1,1.3,Enforcer
Dewey Hines,0.6,0.9,0.8,4.9,2.1,2.4,0.1,Advisor
Genevieve Soto,0.9,3.0,3.3,2.9,0.6,3.8,3.9,Enforcer
Marshall Brady,0.2,3.3,3.5,2.9,0.6,3.4,0.0,Enforcer
Alfonso Malone,4.1,0.9,0.3,0.3,0.7,0.7,2.0,Assassin
Elijah Douglas,0.3,1.4,0.8,0.6,1.3,2.9,1.8,Enforcer
Cheryl Benson,0.0,2.8,2.6,4.2,5.0,1.9,3.6,Priest
Randolph Norris,4.5,3.5,2.9,3.3,3.2,3.8,0.4,Accountant
Nathaniel Paul,3.9,4.5,2.8,3.2,2.4,0.3,4.7,Recruiter
Tonya Mills,0.3,2.1,3.6,3.3,1.3,2.3,2.0,Priest
Violet Blair,4.0,4.2,4.4,4.3,4.8,2.7,1.2,Accountant
Roderick Stone,2.0,3.7,0.6,2.7,1.4,4.8,3.2,Enforcer
Kristina Daniel,4.0,0.7,1.4,0.0,4.5,1.4,3.3,Assassin
Casey Sims,1.8,0.2,0.8,1.4,3.5,2.1,3.4,Assassin
Whitney Gilbert,4.3,0.0,4.4,2.6,0.8,1.6,2.4,Assassin
Leon Haynes,5.0,0.4,3.7,4.3,4.7,4.2,4.8,Assassin
Dwayne Gordon,1.1,0.1,3.2,4.6,4.2,5.0,3.2,Accountant
Micheal Vargas,1.1,3.2,2.8,0.2,3.5,1.5,0.8,Accountant
Marion Duncan,3.0,0.0,2.2,2.2,2.8,4.0,2.7,Assassin
Erik Stokes,2.7,1.0,0.8,0.1,2.8,3.0,1.1,Assassin
Ruth Haynes,3.7,4.2,4.7,0.1,4.5,2.9,0.2,Accountant
Meredith Harvey,4.1,2.2,2.2,2.0,4.4,0.1,2.8,Accountant
Leslie Goodwin,3.9,4.1,1.7,0.5,3.5,1.3,4.7,Recruiter
Noah Benson,1.0,1.5,0.9,3.9,1.4,2.6,0.6,Advisor
Olivia Banks,1.5,1.3,1.4,3.7,2.0,1.4,1.3,Advisor
Lula Stone,0.9,1.2,4.2,0.0,4.3,0.7,4.5,Priest
Velma Hernandez,3.8,3.5,1.1,0.6,1.9,5.0,1.6,Enforcer
Alison Richardson,1.7,1.8,1.0,3.1,1.7,1.9,4.1,Priest
Rufus Ingram,3.7,3.3,1.1,3.8,1.5,1.0,4.3,Recruiter
Nellie Stevenson,2.0,1.3,1.3,2.8,2.6,4.6,4.8,Priest
Terry Hale,0.1,4.3,4.2,4.0,3.5,0.8,2.5,Priest
Holly Mack,0.5,3.8,0.3,4.7,1.3,2.0,0.0,Advisor
Toby Myers,3.0,3.8,0.6,4.1,1.7,3.2,4.6,Recruiter
Ben Kelly,3.6,3.4,3.2,4.8,0.8,3.5,1.1,Enforcer
Sam Welch,1.6,1.9,1.8,1.7,3.3,0.2,3.5,Recruiter
Deanna Manning,2.7,0.9,3.5,0.1,1.6,1.2,0.8,Assassin
Miranda Love,0.3,2.7,0.5,1.5,4.4,0.2,4.2,Recruiter
Dixie Gill,4.7,0.0,1.8,0.7,2.5,0.7,1.8,Assassin
Lynette Weaver,1.3,0.6,4.4,2.3,1.2,0.4,0.8,Accountant
Jean Bowen,5.0,4.3,0.4,2.9,1.1,3.6,0.9,Advisor
Kelli Bowman,0.9,2.9,1.5,4.1,0.2,4.9,3.7,Enforcer
Celia Cooper,1.4,1.5,1.6,1.5,0.9,2.2,1.9,Enforcer
Faye Casey,3.6,0.7,1.7,2.7,1.7,2.5,3.0,Assassin
Horace Quinn,4.7,0.6,4.7,3.8,0.5,5.0,1.4,Assassin
Lee Burke,1.2,4.5,0.6,0.6,0.7,2.2,1.9,Recruiter
Doreen Malone,0.9,1.4,4.6,3.2,4.9,3.4,1.5,Accountant
Alice Allison,3.2,0.2,3.1,2.1,2.3,3.2,0.0,Assassin
Gloria Parsons,3.1,4.1,1.9,1.5,2.2,4.3,4.8,Enforcer
Shelia Richards,5.0,3.2,0.5,0.5,3.7,3.7,1.5,Advisor
William Jennings,4.2,3.2,4.2,1.4,1.5,1.1,2.6,Assassin
Bennie Waters,0.9,3.5,4.4,2.0,5.0,3.0,1.7,Accountant
Kimberly Fowler,4.1,0.7,0.1,3.0,1.5,2.8,4.3,Assassin
Sherry Drake,3.2,0.3,0.6,2.0,3.4,0.0,3.6,Recruiter
Herman Collier,2.4,3.0,0.8,3.4,3.3,5.0,3.6,Advisor
Lucia Douglas,4.0,4.8,0.4,3.7,0.8,4.7,3.3,Advisor
Ramona Warren,0.2,4.5,0.8,2.2,2.3,4.3,3.5,Recruiter
Brandi Bridges,3.2,0.6,2.8,2.2,1.4,5.0,2.0,Assassin
Robin Santos,3.2,0.5,2.1,3.4,1.4,1.4,1.0,Assassin
Jacqueline May,0.4,1.5,1.1,3.0,2.7,3.9,2.0,Priest
Mamie Simon,0.4,0.5,3.7,3.3,1.2,1.6,2.2,Priest
Pam Smith,4.7,4.0,4.8,4.8,3.2,5.0,1.1,Accountant
Alberta Garrett,3.4,1.9,2.3,4.9,3.0,0.7,2.1,Accountant
Seth Mullins,2.8,3.5,0.7,4.8,0.2,2.5,1.5,Advisor
Billie Lyons,4.0,1.0,0.8,0.4,0.1,3.1,4.2,Assassin
Cindy Brady,1.8,0.7,3.5,3.1,2.1,4.6,0.5,Enforcer
Jeanne Olson,0.7,3.7,2.2,3.3,1.3,3.6,4.2,Priest
Sue Kennedy,0.8,4.3,4.4,0.9,0.8,4.7,0.9,Enforcer
Bradley Santiago,1.2,1.6,2.1,2.4,2.9,2.2,4.2,Priest
Beatrice Grant,0.6,3.9,3.8,3.9,3.9,2.2,4.8,Priest
Wilbert Fitzgerald,4.6,2.1,2.6,2.2,4.8,4.5,0.6,Accountant
Caleb Silva,1.6,0.6,3.3,2.6,1.9,3.1,3.7,Assassin
Ruby Patterson,1.0,4.5,0.2,0.6,3.0,0.4,4.5,Recruiter
Justin Peterson,3.4,1.9,0.5,4.7,0.1,1.6,3.1,Advisor
Candace Wagner,2.8,0.2,1.3,1.3,4.5,1.4,0.4,Accountant
Robyn Hill,4.7,3.7,4.4,2.9,3.8,3.8,0.9,Accountant
Ernest Nunez,4.3,4.9,3.8,3.2,2.2,3.3,0.3,Enforcer
Jan Henry,1.9,2.4,1.4,3.9,5.0,0.4,2.3,Advisor
Kellie Flores,1.0,1.6,2.4,1.3,5.0,3.1,0.6,Accountant
Shawn Colon,4.7,4.2,4.9,2.5,0.2,5.0,2.4,Enforcer
Max Stevens,4.7,0.7,2.2,2.6,4.7,4.0,4.6,Assassin
Paul Burton,2.4,2.8,0.1,2.6,3.0,2.2,2.9,Advisor
Melody Gutierrez,2.9,1.5,1.3,2.1,1.5,1.5,2.3,Assassin
Terry Dixon,0.3,4.0,4.3,1.7,1.1,2.1,0.6,Enforcer
Tommy Sullivan,2.8,0.3,3.3,4.4,0.6,2.6,0.8,Assassin
Tammy Riley,3.9,0.4,3.6,0.0,1.4,0.5,3.6,Assassin
Teresa Wade,3.3,2.6,1.0,1.6,2.0,3.8,3.0,Enforcer
Joyce Stewart,2.7,3.8,2.3,4.7,3.9,5.0,4.2,Advisor
Lonnie Moreno,2.7,3.1,2.3,2.5,4.3,4.9,4.1,Enforcer
Catherine Conner,1.8,2.8,3.5,1.3,0.0,3.2,3.5,Enforcer
Angie Klein,3.1,3.0,3.3,0.6,5.0,1.4,1.4,Accountant
Cora Mcdaniel,0.0,4.4,0.5,4.4,2.5,4.8,5.0,Priest
Mitchell Schneider,0.1,0.9,3.3,4.7,1.3,4.3,2.9,Priest
Renee Baldwin,0.1,4.2,0.7,3.1,2.4,2.6,2.0,Advisor
Gilbert Farmer,0.9,2.5,1.8,0.2,4.3,4.7,1.5,Enforcer
Abraham Mclaughlin,3.7,4.8,0.3,2.2,1.3,0.8,2.3,Recruiter
Fannie Wallace,4.8,3.3,4.6,2.8,5.0,2.9,3.8,Accountant
Kristine Meyer,4.9,0.8,1.4,3.2,3.7,1.6,3.7,Assassin
Jay Martinez,2.9,0.9,1.6,4.9,1.2,4.2,2.0,Assassin
Rosemarie White,0.7,2.7,4.3,0.3,4.4,0.1,1.3,Accountant
Eleanor Sims,1.7,2.0,1.4,3.6,4.9,3.2,1.4,Accountant
Nichole Saunders,0.5,2.4,3.3,2.0,3.8,4.5,3.5,Enforcer
Pearl Holloway,2.8,4.9,1.7,3.8,1.9,1.5,3.0,Recruiter
Julian Guzman,4.1,4.9,1.7,2.2,4.2,3.5,1.9,Advisor
Tim Hart,1.6,3.6,0.8,2.6,4.6,2.6,4.4,Recruiter
Molly Newton,4.1,3.2,3.7,3.5,1.1,1.3,3.7,Assassin
Al Ford,4.6,1.7,3.3,3.4,3.1,2.4,2.7,Assassin
Gladys Cunningham,2.5,0.7,4.1,0.0,3.7,4.1,0.5,Enforcer
Antonio Hansen,1.3,4.0,2.2,4.5,4.2,0.1,0.7,Advisor
Emanuel Huff,2.0,2.6,4.1,1.0,1.7,0.6,4.9,Priest
Valerie Morton,0.7,3.4,4.9,3.9,3.0,3.4,0.1,Accountant
Rachael Mcgee,2.5,0.0,3.2,4.6,3.9,5.0,2.5,Accountant
Teri Harrington,2.8,0.1,3.4,2.2,3.7,1.4,2.6,Accountant
Jeffery Brooks,2.7,1.1,3.7,2.1,3.1,4.7,0.9,Enforcer
Julio Potter,3.2,2.5,3.8,2.1,3.0,3.9,1.6,Enforcer
Dale Holland,2.8,2.5,4.5,3.4,3.5,1.9,4.5,Priest
Archie Castro,0.9,3.6,3.7,0.6,2.9,2.5,5.0,Priest
Caleb Bridges,3.5,4.3,2.1,4.1,4.1,4.0,0.5,Advisor
Kerry Norton,1.9,1.9,3.2,4.4,0.1,4.7,4.5,Enforcer
Eula Kennedy,3.3,2.5,4.3,0.0,2.9,4.1,0.2,Enforcer
Roman Webster,1.4,3.8,3.5,4.4,2.8,4.1,3.3,Priest
Shawna Clarke,4.4,2.3,0.5,2.3,3.7,4.1,2.2,Advisor
Elijah Hill,3.2,3.0,0.3,4.0,1.0,0.3,3.0,Advisor
Elaine Jacobs,4.1,3.9,3.1,0.4,1.2,4.5,2.9,Enforcer
Christopher Casey,1.0,3.4,3.5,0.3,1.9,0.5,0.5,Enforcer
Audrey Carter,0.3,4.7,4.6,0.6,0.4,3.8,3.6,Enforcer
Bertha Russell,2.6,2.4,3.5,3.2,4.3,1.5,2.8,Accountant
Virginia Powell,1.7,0.1,2.8,2.8,2.2,0.3,4.9,Priest
Jeanette Brock,1.7,2.9,3.5,1.4,2.0,0.6,3.4,Priest
Jacob Warren,0.2,4.5,2.4,2.3,4.6,1.6,3.4,Recruiter
Dana Bishop,4.0,5.0,2.2,3.1,3.3,0.8,2.9,Recruiter
Madeline Fields,2.0,0.1,2.5,0.9,2.7,3.3,4.0,Assassin
Brandi Vasquez,3.3,0.9,2.3,1.3,1.6,1.1,4.8,Assassin
Nora Bryant,3.8,2.4,2.3,2.5,3.7,3.9,2.2,Accountant
Delores Mcguire,2.0,0.1,5.0,1.9,1.7,4.1,1.0,Enforcer
Richard Padilla,3.1,3.7,3.8,0.0,3.9,4.1,0.6,Enforcer
Andres Pittman,0.6,4.9,1.3,0.3,2.9,3.0,0.7,Enforcer
Rosalie Lambert,4.3,3.9,0.3,1.2,4.7,1.2,1.5,Advisor
Ellen Francis,4.5,4.6,4.5,4.4,4.5,3.9,2.4,Accountant
Orlando Jimenez,0.6,4.7,0.4,5.0,0.8,0.0,4.3,Recruiter
Eloise Brady,3.8,2.7,3.7,1.0,4.8,4.0,3.2,Assassin
Taylor Willis,1.7,2.7,3.2,2.8,0.8,0.5,0.7,Accountant
Sarah Cortez,3.5,0.3,0.2,0.2,1.5,0.6,1.6,Assassin
Beth Franklin,1.7,3.8,4.6,3.5,0.4,0.5,4.2,Priest
Constance Gilbert,4.7,0.7,3.8,3.1,3.9,3.7,1.4,Assassin
Floyd Hopkins,0.2,1.4,4.5,1.0,1.9,4.0,1.0,Enforcer
Eunice Wells,2.4,0.6,0.9,2.0,3.8,2.2,4.7,Priest
Ella Nichols,4.2,3.2,3.1,4.0,0.9,4.1,1.6,Enforcer
Elsa Diaz,3.7,2.5,3.8,1.7,2.6,0.0,0.4,Accountant
Jean Morton,5.0,4.3,1.1,0.0,0.2,4.9,2.7,Enforcer
Kenneth Zimmerman,5.0,0.1,0.5,2.6,2.5,2.0,4.1,Assassin
Martha Hayes,1.6,4.2,2.9,2.6,2.8,0.9,4.9,Recruiter
Carroll Lindsey,4.0,1.9,2.3,4.7,0.7,4.1,0.0,Assassin
Lynn Estrada,1.6,2.4,2.9,0.9,3.7,3.9,2.4,Enforcer
Arturo Cook,3.7,2.2,4.7,3.2,2.3,2.1,3.5,Assassin
Ramon Barnes,4.5,1.6,0.5,3.6,4.9,2.4,1.3,Accountant
Hattie Tran,2.5,2.5,0.6,2.5,0.8,4.4,2.9,Enforcer
Amanda Carlson,0.1,3.3,1.8,0.1,1.8,2.5,0.9,Enforcer
Ernest Bush,1.2,1.8,2.5,4.0,2.5,3.9,1.9,Accountant
Henrietta Hamilton,1.0,2.5,2.8,3.6,1.8,1.4,1.2,Accountant
Lloyd Bennett,4.2,1.7,1.2,4.3,3.1,1.6,3.1,Advisor
Wayne Thornton,4.6,0.5,3.9,0.4,0.6,3.1,2.6,Assassin
Jermaine Jennings,4.3,0.7,1.8,4.3,4.5,0.8,0.3,Accountant
Damon Mcbride,2.0,2.0,3.9,1.9,0.3,4.6,0.8,Enforcer
Janet Oliver,4.4,3.3,4.0,1.8,0.7,1.7,0.6,Assassin
Olga Patton,0.0,1.2,0.2,2.6,1.7,1.7,1.9,Priest
Bernadette Buchanan,3.6,1.6,1.1,2.0,3.8,2.6,0.8,Accountant
Oscar Evans,4.2,3.2,2.9,0.0,1.6,2.5,4.3,Assassin
Johanna Alvarado,1.0,3.0,2.4,0.1,3.1,3.3,4.5,Enforcer
Dan Moody,0.0,1.5,4.6,4.9,3.3,4.0,2.6,Priest
Walter Lyons,1.1,4.3,5.0,1.4,2.7,2.4,1.4,Enforcer
Derek Hughes,3.3,1.1,0.8,0.4,3.2,0.3,1.8,Accountant
Jake Peters,0.7,5.0,4.5,0.7,3.6,3.9,5.0,Enforcer
Paula Cain,3.1,3.5,1.1,1.4,0.8,2.1,1.8,Recruiter
Hubert Swanson,0.0,3.5,0.4,3.3,0.4,4.4,1.6,Enforcer
Helen Patterson,4.9,3.4,0.2,1.4,4.0,2.3,3.2,Advisor
Steve Lopez,4.6,4.2,0.2,3.4,0.8,2.6,5.0,Recruiter
Roland Mccormick,1.4,3.6,3.7,4.6,4.8,1.1,2.7,Accountant
Kristin Fuller,3.6,0.1,2.5,3.3,0.9,2.1,0.8,Assassin
Salvatore Dixon,2.3,4.1,1.1,4.4,1.7,3.1,4.0,Recruiter
Freddie Wilkerson,0.9,1.3,3.6,2.7,1.0,3.7,4.5,Enforcer
Minnie Henry,3.2,1.6,2.9,4.9,4.2,3.1,2.2,Accountant
Joanna Schneider,1.1,2.8,0.7,0.7,0.8,2.5,4.7,Priest
Sherri Davidson,1.5,1.0,0.4,4.5,3.7,3.8,5.0,Priest
Tami Obrien,3.8,0.2,2.4,1.8,5.0,2.8,3.6,Assassin
Alfredo Weber,4.4,0.8,1.1,2.8,3.8,0.4,3.9,Assassin
Don Miller,2.3,4.3,2.8,3.2,5.0,0.9,3.3,Recruiter
Brent Vaughn,0.0,4.1,2.2,2.5,1.0,2.2,2.8,Priest
Earnest Williamson,0.8,3.2,1.5,4.9,2.1,1.5,1.6,Advisor
Stewart Adkins,1.9,3.9,0.5,0.9,2.0,2.0,0.2,Advisor
Oliver Brown,2.6,4.0,4.8,2.6,4.6,2.8,3.4,Accountant
Gerald Hawkins,1.1,4.0,4.3,2.7,4.9,0.0,4.6,Priest
Jordan Ortega,1.0,2.9,0.0,3.8,3.5,3.2,3.6,Advisor
Lydia Newton,1.4,2.2,4.9,0.6,3.9,3.8,3.8,Enforcer
Beverly Ryan,1.5,3.3,1.0,2.0,1.1,1.9,0.8,Advisor
Corey Murphy,2.3,1.8,0.7,3.2,0.2,0.7,3.7,Priest
Alfonso Edwards,4.9,2.7,1.8,2.3,0.3,1.6,2.1,Assassin
Rose Norris,1.6,1.6,3.7,4.9,3.1,0.9,2.4,Accountant
Estelle Torres,2.8,3.9,2.0,1.3,3.9,0.0,0.0,Accountant
Carmen Gibson,0.6,3.1,0.3,4.1,1.9,1.0,2.7,Advisor
Jeffrey Sandoval,0.8,1.2,2.3,4.4,0.9,0.4,4.3,Priest
Nichole Mack,1.9,2.6,4.8,2.0,0.8,4.8,2.0,Enforcer
Kara Thompson,3.3,0.9,1.0,2.2,3.0,2.9,2.8,Assassin
Gary Houston,0.7,1.4,3.0,2.6,4.2,0.0,4.4,Priest
Sonya Hoffman,2.8,1.7,1.0,0.5,0.9,0.6,0.8,Assassin
Everett Castillo,0.2,0.1,3.0,4.4,0.1,0.8,0.5,Accountant
Sheldon Burton,3.5,0.7,3.1,0.2,1.1,4.8,0.0,Enforcer
Dianna Tate,0.8,3.9,3.1,4.4,0.2,3.5,1.3,Enforcer
Earl Myers,3.0,2.7,1.5,4.2,3.1,2.5,4.0,Advisor
Edmund Stanley,3.1,0.6,2.6,4.0,0.1,2.4,2.1,Assassin
Marcos Luna,0.1,3.6,3.3,3.6,4.3,0.5,3.8,Priest
Jane Strickland,2.5,4.1,4.5,2.4,0.4,1.6,2.1,Enforcer
Luis Phillips,4.8,4.7,4.3,3.0,1.2,1.3,3.6,Assassin
Irving Massey,1.6,1.1,3.8,0.3,2.3,0.1,0.3,Accountant
Myra Hampton,0.0,1.6,3.1,3.9,1.3,2.6,2.9,Priest
Dana Turner,4.8,4.5,1.4,1.9,0.6,1.5,3.0,Recruiter
Dwight Williams,0.9,0.3,4.4,3.6,2.2,2.5,1.9,Accountant
Stephanie French,2.5,2.5,2.2,2.7,3.8,2.5,3.1,Advisor
Vickie Weaver,1.0,4.4,0.4,2.6,1.5,3.5,1.2,Advisor
Alexandra Hodges,1.6,2.2,0.1,0.9,3.6,2.0,0.5,Advisor
Laura Stanley,1.0,3.1,2.9,0.0,2.4,2.2,4.1,Enforcer
Minnie Doyle,0.9,2.2,3.7,0.5,2.1,2.8,2.9,Enforcer
Melanie Barnett,5.0,3.9,2.9,1.9,3.6,3.8,1.3,Accountant
Leigh Barnes,0.0,0.4,1.0,0.8,0.2,4.3,3.4,Enforcer
Lora Ball,3.5,1.9,2.1,3.7,2.9,4.5,4.1,Assassin
Lila Sandoval,0.9,1.0,2.9,1.6,0.6,1.8,0.7,Enforcer
Vernon Sparks,3.6,2.9,3.2,3.0,5.0,0.6,0.4,Accountant
Wallace Baldwin,4.0,2.1,1.5,4.5,1.8,0.5,3.3,Advisor
Kristy Gregory,1.1,1.6,3.1,1.7,2.1,0.3,2.1,Priest
Jack Wong,0.4,3.9,3.2,1.3,0.5,2.4,4.1,Enforcer
Wendell Murphy,0.1,2.9,0.9,0.2,4.3,2.7,4.7,Recruiter
Jacob Cox,2.6,1.3,2.3,2.6,5.0,4.3,2.1,Accountant
Kathy Ryan,1.1,1.6,4.8,3.9,3.3,1.8,3.4,Priest
Alyssa Edwards,0.2,3.5,0.3,0.2,4.3,3.3,2.7,Recruiter
Diana Hunt,3.3,0.6,0.1,1.0,5.0,3.5,0.2,Accountant
Maurice Cole,1.1,3.4,0.5,3.2,1.1,2.0,3.8,Recruiter
Cody Erickson,1.7,4.3,4.9,2.0,4.2,3.4,4.1,Enforcer
Vicky Adkins,4.1,1.5,2.2,4.5,4.4,3.3,0.4,Accountant
Shelia Sanchez,2.9,4.9,2.5,2.5,3.5,2.7,2.5,Recruiter
Rick Mack,0.8,1.9,2.4,3.7,4.4,2.7,0.0,Accountant
Tanya Moran,0.1,1.6,4.3,3.8,4.8,1.0,1.3,Accountant
Katherine Watkins,4.4,2.7,3.2,4.1,2.0,0.0,2.3,Accountant
Jerome Knight,2.7,4.6,0.1,2.3,1.5,4.9,4.6,Recruiter
Ella Lee,0.1,1.5,3.8,3.0,4.8,4.0,2.2,Accountant
Herbert Joseph,0.9,3.4,2.7,0.7,1.3,1.0,2.8,Priest
Israel Terry,2.0,4.5,5.0,0.5,0.7,0.2,3.3,Enforcer
April Jefferson,0.4,1.4,3.3,1.8,1.7,3.5,1.1,Enforcer
Sue Ray,4.5,4.3,2.4,4.6,4.4,3.9,1.2,Advisor
Lydia Pena,3.8,2.5,4.9,3.7,1.4,2.9,4.6,Assassin
Wanda Walsh,0.3,0.2,0.2,4.6,1.8,1.7,3.6,Priest
Bill Salazar,4.2,1.7,1.8,1.5,3.7,0.0,0.0,Accountant
Ramon Lewis,2.2,3.8,2.2,0.6,4.9,0.9,1.9,Accountant
Milton Hale,2.6,2.2,4.0,3.6,4.4,2.1,0.7,Accountant
Gladys Matthews,3.3,0.6,0.6,2.7,4.4,3.1,1.6,Accountant
Fredrick Copeland,1.3,0.9,1.5,0.3,2.6,0.2,5.0,Priest
Paula Martinez,1.7,1.5,5.0,2.5,3.9,1.0,1.4,Accountant
Evelyn Ingram,4.3,2.7,4.8,0.1,2.1,4.4,1.7,Enforcer
Darrin Meyer,2.1,5.0,1.0,2.1,0.0,2.2,4.0,Recruiter
Dan Collier,3.3,2.5,4.4,2.0,2.4,4.1,0.3,Enforcer
Edgar Sherman,3.5,4.4,2.4,3.3,4.4,3.9,0.3,Accountant
Johnny Guzman,0.3,0.0,1.3,3.1,4.6,0.7,1.2,Accountant
Keith Howard,1.9,0.9,0.4,2.7,0.6,1.5,1.6,Advisor
Melinda Holmes,1.0,2.4,1.6,2.3,1.2,0.8,0.8,Advisor
Jordan Rodriguez,0.3,3.6,0.6,3.1,3.9,2.4,3.9,Recruiter
Emily Hammond,1.6,3.9,2.5,1.4,1.7,1.4,1.3,Recruiter
Blanche Walker,1.9,4.2,2.1,1.7,0.4,3.9,2.4,Enforcer
Traci Powell,0.8,0.7,0.1,3.9,3.7,4.5,0.1,Accountant
Ray Olson,1.6,2.4,1.8,4.4,3.4,0.2,4.2,Priest
Nick Schneider,1.2,0.0,3.1,3.0,0.4,2.4,2.6,Assassin
Raul Palmer,3.2,0.4,3.0,2.9,4.3,1.0,0.5,Accountant
Josefina Lloyd,3.1,3.2,0.2,0.2,4.7,0.1,0.6,Advisor
Krista Bridges,1.0,0.9,4.9,2.5,3.6,2.6,4.0,Priest
Anita Welch,3.0,0.1,0.9,1.0,1.8,0.9,4.8,Assassin
Fannie James,3.0,3.6,4.1,1.1,3.9,1.2,0.8,Accountant
Tamara Green,0.0,3.4,4.1,0.5,4.4,0.9,4.0,Priest
Ollie Carr,4.8,1.4,4.7,1.4,0.6,0.8,1.4,Assassin
Clark Hoffman,0.6,4.6,1.9,0.5,4.2,2.2,3.3,Recruiter
Gregory Mckinney,1.2,4.0,0.0,2.0,3.9,2.9,2.0,Advisor
Karl Thomas,0.2,3.1,3.2,1.1,1.6,1.8,3.6,Priest
Melvin Vega,3.1,1.0,0.4,4.4,0.1,5.0,1.5,Enforcer
Edna Day,2.1,4.5,2.6,3.7,4.2,2.5,2.2,Advisor
Roland Massey,2.3,2.0,3.1,1.8,2.3,2.1,2.1,Assassin
Terrell Stevenson,3.1,4.2,1.3,5.0,2.4,3.3,3.1,Advisor
Vera Allison,1.3,3.7,2.7,0.8,1.7,1.8,3.1,Enforcer
Rochelle Powers,3.3,2.7,0.0,1.3,4.8,1.1,3.9,Recruiter
Misty Obrien,1.5,2.8,1.5,0.2,0.4,2.4,1.4,Enforcer
Ronnie Morton,4.9,1.7,1.1,1.1,2.7,4.1,1.2,Assassin
Paul Jenkins,2.9,3.1,1.6,2.8,0.1,0.1,3.3,Recruiter
Doreen Robertson,0.5,2.4,4.4,2.0,2.6,2.6,1.6,Enforcer
Rhonda Shelton,2.9,2.2,0.7,0.8,3.1,1.6,2.8,Recruiter
Leland Schultz,4.6,4.1,1.2,5.0,1.4,3.0,4.5,Advisor
Leonard Scott,4.8,3.3,3.8,2.8,1.8,3.3,0.4,Assassin
Emmett Gross,3.9,4.3,0.7,1.0,1.5,4.2,4.5,Enforcer
Joshua Brock,0.1,0.9,3.9,0.9,2.6,3.8,5.0,Enforcer
Mildred Clark,1.7,2.9,0.1,0.9,2.9,2.6,2.3,Recruiter
Elsie Pratt,3.2,4.1,1.5,0.2,0.6,0.5,0.2,Recruiter
Pauline Freeman,1.1,3.5,0.1,1.5,3.4,0.8,2.2,Recruiter
Kerry Brewer,3.2,4.0,0.9,0.3,2.2,3.7,2.9,Enforcer
Marta Dawson,4.3,2.8,1.9,0.8,1.6,0.3,3.5,Assassin
Priscilla Carlson,1.8,1.9,0.5,2.7,0.5,1.6,3.5,Priest
Gordon Snyder,4.6,3.5,1.2,4.2,1.4,1.4,2.9,Advisor
Patty Adams,0.9,0.0,2.7,4.9,0.5,3.2,2.4,Priest
Bertha Sims,2.9,3.1,4.4,1.9,1.4,5.0,4.3,Enforcer
Cora Douglas,1.8,0.5,3.6,2.6,2.9,0.5,2.0,Accountant
Abel Mccormick,4.2,1.3,1.5,2.1,3.6,2.2,0.8,Accountant
Mary Owens,0.5,2.5,0.8,4.9,4.6,3.1,3.8,Advisor
Colin Ferguson,4.7,4.0,2.7,1.9,2.6,4.9,2.8,Enforcer
Elmer Evans,0.5,0.9,4.5,4.0,0.7,1.4,2.9,Priest
Darrell Briggs,3.2,4.6,4.3,3.0,0.8,1.0,0.1,Accountant
William Jimenez,2.0,4.5,0.8,1.0,2.9,2.8,0.8,Advisor
Miguel Henderson,0.5,1.3,1.0,3.9,2.5,3.9,1.5,Advisor
Steven Brooks,3.9,3.9,0.3,2.1,3.6,4.4,4.5,Recruiter
Dorothy Underwood,1.5,2.0,1.0,0.8,0.0,4.8,2.9,Enforcer
Christy Morales,0.3,2.3,0.8,4.8,4.2,1.0,0.0,Advisor
Opal Wilkerson,4.8,0.1,4.2,2.9,0.0,5.0,1.2,Assassin
Margie Mcguire,4.4,0.5,0.7,1.2,2.4,0.1,0.4,Accountant
Candice Huff,4.1,2.9,3.0,2.7,1.0,1.9,0.3,Assassin
Willie Townsend,1.2,1.2,2.5,1.2,2.0,2.9,1.2,Enforcer
Tara Gordon,4.7,2.5,0.6,2.2,3.6,4.5,2.0,Advisor
Joanne Berry,2.0,4.7,3.6,0.3,4.1,2.0,5.0,Recruiter
Elvira Keller,1.0,3.9,3.0,2.0,4.6,5.0,2.3,Enforcer
Audrey Neal,3.7,4.9,3.6,1.0,2.6,1.8,0.4,Enforcer
Gene Ryan,1.0,0.4,1.1,3.4,1.9,3.8,4.4,Priest
Leon Mccarthy,5.0,3.2,0.4,2.9,0.9,1.4,4.4,Recruiter
Rosalie Sandoval,1.8,2.7,4.9,3.4,2.0,4.6,0.2,Enforcer
Louis Warner,4.8,3.9,2.8,1.3,4.4,3.5,2.2,Accountant
Carl Hanson,2.5,3.2,3.8,2.1,4.5,2.6,0.4,Accountant
Oscar Mack,1.7,0.8,1.6,2.1,0.8,3.3,0.9,Enforcer
Neil Mccormick,2.4,1.5,1.7,1.9,3.2,4.2,5.0,Assassin
Alfred Brock,0.4,2.5,0.6,4.7,1.2,3.4,3.8,Priest
Kay Christensen,0.4,1.7,3.8,3.9,3.1,2.1,2.0,Accountant
Justin Sparks,3.5,2.6,0.8,0.9,0.9,3.9,3.3,Enforcer
Harry Wise,0.2,2.6,0.0,4.3,0.1,4.3,3.8,Priest
Norman Marsh,4.9,4.2,4.5,2.0,3.7,1.2,4.1,Assassin
Darlene Bradley,2.4,4.4,1.5,1.5,4.0,4.6,0.6,Enforcer
Gerald Pena,4.6,2.2,3.2,0.2,2.7,4.6,1.0,Enforcer
Shane Lambert,0.2,2.7,0.3,4.0,1.2,2.1,0.4,Advisor
Loren Sanders,4.6,3.3,2.9,3.7,3.6,0.1,4.7,Recruiter
Kenneth Harmon,0.0,2.9,0.9,1.2,1.2,2.0,2.4,Priest
Forrest Lopez,3.3,1.9,2.3,2.5,2.7,1.3,1.9,Accountant
Melinda Shelton,3.2,1.6,4.1,2.2,0.7,0.1,3.9,Assassin
Genevieve Pittman,1.8,3.0,0.4,4.0,2.2,2.6,3.9,Recruiter
Rita Schmidt,0.9,1.1,0.2,2.6,2.0,3.7,3.3,Priest
Alton Hampton,1.0,1.2,0.7,1.8,4.9,1.9,0.0,Accountant
Jimmy Owens,2.6,3.4,2.3,4.1,4.7,1.3,4.2,Recruiter
Debra Richardson,0.4,5.0,1.0,3.5,0.7,4.6,4.7,Priest
April Parks,4.6,0.0,3.1,1.0,0.9,3.7,3.4,Assassin
Rudolph Briggs,0.6,2.3,4.9,1.0,1.1,0.7,3.8,Priest
Kimberly Reeves,3.4,0.7,4.4,1.7,2.0,4.0,4.7,Assassin
Willis Montgomery,1.2,1.0,1.1,4.8,1.4,2.0,0.2,Advisor
Dave Ballard,4.5,0.6,2.7,2.5,2.4,3.2,3.8,Assassin
Robin Pratt,2.6,1.9,4.5,2.8,1.4,1.6,1.4,Assassin
Kelly Evans,3.2,2.2,3.8,2.9,3.3,0.0,2.7,Accountant
Jenna Harrington,4.1,3.1,3.5,3.1,0.5,3.0,3.8,Assassin
Mable Bates,0.5,2.8,1.7,0.5,1.2,1.7,4.2,Priest
Jeffrey Parsons,4.0,1.8,0.0,3.0,4.6,3.4,2.1,Advisor
Larry Gibson,2.5,1.0,3.7,4.8,3.2,1.5,0.9,Accountant
Robyn Fernandez,3.5,3.6,2.9,4.9,2.1,4.1,3.6,Advisor
Ellen Newman,0.4,1.7,2.1,2.6,1.7,2.3,4.9,Priest
Neal Bryan,3.8,3.1,4.9,4.9,1.5,0.0,2.9,Priest
Nettie Hoffman,2.2,2.6,1.9,3.9,4.9,4.3,1.9,Accountant
Rosemarie Salazar,3.3,4.0,0.1,3.3,1.2,0.3,2.9,Recruiter
Rufus Harper,1.1,2.0,4.6,3.3,0.9,3.9,1.1,Enforcer
Emma Alvarado,3.3,4.0,2.5,0.7,4.7,2.5,1.8,Accountant
Frederick Cruz,4.6,2.0,3.8,2.0,3.0,3.1,0.9,Assassin
Brad Diaz,4.5,5.0,2.1,4.3,0.1,0.0,1.7,Advisor
Jon Moran,5.0,4.0,2.3,2.1,5.0,1.6,0.2,Accountant
Lorenzo Scott,0.2,2.8,5.0,1.0,2.2,1.7,0.2,Enforcer
Gerard Delgado,0.4,4.3,3.7,1.1,2.7,2.3,4.9,Priest
Jose Cobb,2.9,5.0,2.9,4.0,0.2,5.0,0.5,Enforcer
Roger Nelson,1.3,4.8,0.4,2.7,4.1,2.9,2.6,Advisor
Dean Webster,0.2,1.6,0.6,2.8,1.8,0.4,1.5,Advisor
Doreen Hunt,1.8,2.8,3.0,1.7,4.4,3.6,3.0,Enforcer
Elijah Reed,0.7,0.9,0.8,5.0,0.8,0.5,2.0,Priest
Marianne Garza,0.7,1.7,4.2,4.8,0.9,1.1,3.6,Priest
Vicky Mcguire,1.6,3.8,2.9,0.1,0.4,2.9,0.7,Enforcer
Allison Morris,1.6,3.3,3.2,4.7,0.9,4.8,1.4,Enforcer
Roxanne Hubbard,2.2,2.8,4.6,0.2,3.5,4.7,2.3,Enforcer
Heidi Glover,0.2,4.6,1.7,1.7,2.0,2.1,2.2,Recruiter
Melody Graves,0.5,3.8,4.7,2.4,3.0,0.2,1.7,Accountant
Gilberto Reynolds,1.0,0.9,2.1,0.1,3.9,3.4,2.8,Enforcer
Tina Carlson,2.7,0.4,4.6,1.5,2.7,3.6,3.6,Assassin
Tonya Reyes,1.1,2.7,4.2,0.9,3.7,3.8,0.2,Enforcer
Maurice Casey,2.3,4.1,0.7,3.1,4.4,1.4,3.9,Recruiter
Angel Allen,3.5,1.4,0.1,3.5,1.5,3.0,2.2,Advisor
Kenny Quinn,0.9,4.8,4.8,2.9,0.3,0.8,4.2,Priest
Brian Bowman,2.3,1.3,2.8,2.1,1.1,1.6,4.3,Assassin
Rick Pierce,2.6,3.1,4.7,1.9,3.3,3.4,2.4,Enforcer
Garry Cohen,2.9,3.6,4.4,0.7,2.0,3.9,1.4,Enforcer
Mandy Spencer,1.5,3.9,0.0,4.8,1.8,5.0,0.4,Advisor
Duane Steele,3.4,4.2,4.2,3.2,2.0,4.4,1.1,Enforcer
Lester Kelly,4.4,4.6,2.6,1.8,1.8,1.9,0.5,Advisor
Billy Leonard,1.1,2.2,4.2,3.3,0.5,3.3,1.6,Enforcer
Terry Garner,2.2,1.8,1.0,4.4,1.3,1.3,2.0,Advisor
Brett Moreno,1.0,4.9,1.9,3.5,3.7,2.1,5.0,Recruiter
Jeannette Rios,1.4,3.7,3.0,4.5,2.5,2.2,3.4,Priest
Mae Ruiz,4.0,3.0,0.7,2.0,1.8,4.8,1.2,Enforcer
Timothy Hamilton,2.1,1.8,1.5,4.1,0.8,4.7,2.4,Enforcer
Terrence Wright,1.0,2.8,0.0,1.4,3.9,3.2,4.3,Recruiter
Mona Mathis,4.6,4.0,2.1,2.5,5.0,3.6,2.6,Advisor
Jessie Wagner,2.5,3.0,3.9,0.4,3.4,0.2,4.0,Recruiter
Donald Carter,3.4,1.4,4.2,2.7,1.6,2.8,2.6,Assassin
Frank Carr,4.7,4.2,4.4,4.0,0.9,1.8,3.9,Assassin
Bridget Barrett,4.2,0.4,1.1,1.9,4.0,3.3,1.2,Accountant
Amelia Phillips,3.9,0.1,2.7,2.2,3.8,4.5,5.0,Assassin
Nathan Valdez,0.0,3.1,3.9,3.2,4.6,3.4,0.1,Accountant
Edwin Perry,3.9,4.0,1.6,0.1,4.3,0.8,0.7,Accountant
Sophie Stanley,1.0,3.6,4.3,2.2,1.7,3.9,4.7,Enforcer
Nancy Caldwell,3.4,3.3,4.9,3.9,0.8,3.0,2.9,Enforcer
Gloria Hicks,4.8,0.9,0.1,3.4,0.9,2.7,1.8,Assassin
Kayla Page,4.2,5.0,2.0,0.2,2.7,0.3,3.0,Recruiter
Sonya Singleton,0.7,4.0,0.4,3.2,4.0,4.4,2.7,Advisor
Mario Olson,1.5,1.8,2.6,0.8,4.1,4.6,3.2,Enforcer
Rachel Nguyen,0.1,0.0,2.2,1.5,3.4,4.4,3.3,Enforcer
Kristine Nichols,4.9,5.0,4.0,2.2,5.0,3.0,2.6,Accountant
Freda Mclaughlin,3.0,4.4,1.4,1.6,1.2,3.4,3.3,Enforcer
Alexander Byrd,2.0,1.6,4.8,1.1,4.3,2.3,1.2,Accountant
Alyssa Barker,4.2,3.6,0.0,3.6,0.8,3.6,1.3,Advisor
Charlie Cross,4.4,2.6,3.6,4.2,3.2,2.9,4.6,Assassin
Milton Hart,2.0,1.4,3.0,1.3,4.0,1.2,0.1,Accountant
Sabrina Brock,4.4,4.8,2.1,4.4,3.4,3.1,1.6,Advisor
Tracy Alvarez,3.2,4.5,0.0,1.3,0.7,0.6,4.2,Recruiter
Vickie Welch,2.3,3.6,1.0,0.3,4.1,4.0,3.9,Recruiter
Myrtle Ruiz,1.9,3.8,0.8,2.6,0.8,3.7,1.8,Enforcer
Jean Bates,1.0,4.8,4.5,2.7,5.0,1.5,0.4,Accountant
Lee Adkins,2.9,2.1,3.7,1.5,2.4,2.0,1.0,Accountant
Lonnie Perry,2.1,1.4,3.8,2.9,1.5,4.7,3.1,Enforcer
Melinda Simon,3.3,1.2,0.1,3.1,4.3,4.5,1.5,Advisor
Wilson Steele,3.1,4.6,5.0,0.8,4.6,1.9,1.5,Accountant
Lionel Harrison,0.9,1.5,4.9,0.4,0.4,4.8,1.0,Enforcer
Cheryl Silva,4.1,4.3,0.4,0.2,0.9,1.8,4.1,Recruiter
Carroll Vasquez,2.4,1.1,0.8,0.2,3.6,4.6,3.8,Enforcer
Maureen Armstrong,3.8,3.4,1.4,3.9,4.3,3.4,4.0,Advisor
Carlton Simpson,0.6,3.0,3.2,2.9,4.1,4.6,0.0,Accountant
Dennis Stokes,1.7,1.6,1.3,1.9,3.5,4.4,1.4,Enforcer
Joseph Jacobs,3.6,3.9,1.1,2.5,0.9,0.1,0.0,Advisor
Keith Campbell,4.5,1.5,4.3,3.0,4.0,0.3,2.6,Accountant
Alice Salazar,0.5,2.8,4.9,1.5,0.0,1.9,0.3,Enforcer
Elisa Horton,3.2,2.9,1.8,0.0,1.1,2.2,2.9,Enforcer
Kristin Martinez,1.9,0.5,0.3,4.1,0.2,3.2,2.0,Advisor
Simon Harmon,4.0,3.2,0.4,4.8,1.6,1.3,1.8,Advisor
Edwin Mullins,4.6,0.3,3.6,3.7,4.7,2.2,3.9,Assassin
Martin Gardner,1.0,4.0,4.4,1.9,0.7,3.4,1.9,Enforcer
Sandy Marshall,3.9,2.3,3.2,0.0,3.8,4.0,3.9,Assassin
Billie Harris,3.0,4.9,2.7,0.0,2.9,2.7,4.5,Recruiter
Horace Collier,2.6,0.7,2.3,2.9,1.8,0.3,2.6,Assassin
Suzanne Aguilar,4.0,2.8,2.6,4.1,4.4,0.7,1.2,Accountant
Kent Newton,3.2,4.1,1.8,3.3,2.9,1.9,3.6,Recruiter
Kevin Cain,3.0,4.8,0.7,0.2,0.9,3.7,0.9,Enforcer
Arnold Schmidt,1.9,4.5,3.5,2.9,2.4,4.1,2.3,Enforcer
Miguel Robertson,3.6,2.4,0.9,1.0,2.6,3.3,5.0,Assassin
Darrell Blake,1.8,1.2,1.4,3.1,0.6,0.9,3.7,Priest
Julius Webster,3.1,2.0,2.3,3.6,2.7,1.8,0.2,Accountant
Antonia Francis,2.9,0.6,4.2,1.4,0.5,2.1,4.7,Assassin
Boyd Brewer,0.7,2.2,3.4,0.7,4.1,2.9,4.8,Priest
Ollie Dunn,5.0,3.8,4.8,1.2,3.1,0.8,3.4,Assassin
June Moran,3.6,3.7,0.1,0.6,3.5,3.7,0.7,Advisor
Alfredo Bishop,0.1,1.6,3.5,2.1,3.9,4.1,4.4,Priest
Carlos Poole,0.5,4.0,2.1,5.0,2.1,3.0,1.1,Advisor
Angelica Hughes,4.3,2.8,0.2,1.7,1.1,4.4,1.3,Enforcer
Mildred Edwards,3.8,1.4,3.9,5.0,1.1,3.2,3.0,Assassin
Julio Wheeler,0.1,1.6,2.4,1.6,3.5,1.6,1.7,Accountant
Lena Medina,2.6,0.9,1.5,1.7,2.1,3.6,0.7,Assassin
Kyle Holt,2.0,0.6,1.6,0.7,3.0,0.5,2.9,Assassin
Christian Torres,3.8,2.6,4.6,3.7,1.4,2.7,4.6,Assassin
Taylor Washington,4.7,3.8,2.8,2.2,2.2,0.5,3.4,Recruiter
Franklin Parks,3.5,3.2,1.4,2.5,1.9,1.4,1.4,Advisor
Bernice Fields,4.7,1.2,0.2,4.1,4.6,3.1,3.4,Advisor
Raquel Sullivan,4.2,4.9,2.0,4.9,1.8,1.5,3.7,Recruiter
Debra Farmer,4.3,2.8,3.9,0.5,0.0,5.0,4.2,Enforcer
Duane Reeves,1.9,0.1,2.6,1.2,2.2,3.6,2.4,Assassin
Jeffrey Lawrence,2.0,0.2,3.3,3.3,3.7,4.1,2.7,Accountant
George Patton,3.2,1.0,3.4,3.5,2.9,4.4,2.3,Assassin
Bennie Anderson,0.7,4.0,1.2,0.5,4.6,0.1,1.6,Recruiter
Lydia Hicks,1.7,1.0,2.0,0.4,4.4,1.8,4.8,Priest
Paul Munoz,0.0,0.6,1.9,1.7,4.3,4.9,4.2,Enforcer
Vera Holmes,4.0,3.2,4.3,3.8,1.5,0.9,4.6,Priest
Kelli Moss,4.0,1.7,2.6,2.0,0.1,4.2,4.6,Assassin
Shirley Mathis,3.0,4.8,4.2,2.5,4.9,1.9,1.3,Accountant
Amy Love,3.3,2.6,0.3,2.5,1.6,2.8,4.2,Recruiter
Kerry Parker,1.7,2.9,4.6,3.7,4.0,2.5,4.4,Priest
Leticia Mason,1.8,1.7,1.2,0.4,2.5,2.9,0.4,Enforcer
Dana Romero,2.9,4.7,3.5,0.1,5.0,3.4,2.2,Enforcer
Meredith Allison,4.2,1.1,1.5,3.5,3.2,3.7,4.1,Assassin
Cecil Tate,4.2,0.6,2.9,0.6,2.1,3.4,0.4,Assassin
Travis Harper,2.7,3.6,4.7,1.7,4.2,2.4,3.5,Accountant
Lisa George,1.4,3.8,2.7,1.6,1.7,3.0,0.2,Enforcer
Jan Kennedy,4.3,0.1,1.6,4.3,4.6,4.1,4.9,Assassin
Brenda Ramirez,3.6,4.1,0.3,0.2,4.1,4.0,0.7,Advisor
Marion Cox,0.6,1.8,4.8,0.2,4.4,0.3,1.4,Accountant
Andre Watson,0.5,4.0,1.3,2.8,1.6,1.6,2.4,Recruiter
Meghan Price,0.9,3.9,3.6,0.3,5.0,2.9,0.8,Accountant
Diana Malone,4.3,1.5,2.0,4.2,4.8,0.1,3.9,Accountant
Lela Porter,4.0,1.1,2.7,3.3,0.4,2.6,3.9,Assassin
Yvonne Norris,1.7,2.9,2.4,0.8,1.8,0.8,4.3,Recruiter
Susie Cruz,4.7,3.4,3.5,1.2,4.0,1.3,0.9,Accountant
Phillip Henderson,4.6,0.9,4.9,1.1,2.7,4.8,3.4,Assassin
Loren Hill,4.7,3.4,0.7,0.0,2.1,4.2,2.9,Enforcer
Pete Bennett,3.3,2.7,0.4,1.6,4.4,3.9,0.5,Advisor
Ronald Townsend,0.0,0.8,4.9,0.6,4.7,2.1,4.3,Priest
Dexter Mann,1.1,4.8,4.4,4.0,0.0,0.5,1.9,Priest
Pat Burns,0.5,3.4,4.4,0.7,3.7,0.6,0.6,Accountant
Mona Wise,1.5,4.8,2.4,3.1,1.6,4.2,1.6,Enforcer
Bessie Glover,5.0,3.2,1.3,4.9,4.6,0.9,3.3,Advisor
Willie Miles,4.7,0.4,4.3,3.6,4.9,5.0,4.4,Assassin
Leslie Ingram,0.9,2.0,0.5,3.0,0.0,3.7,4.4,Priest
Barry Summers,3.3,5.0,1.9,4.5,3.5,4.7,0.3,Advisor
Emilio Richardson,4.7,0.7,2.3,1.2,0.3,3.3,4.1,Assassin
Verna Waters,2.6,4.9,2.4,2.7,0.2,3.4,0.6,Enforcer
Hazel Chavez,2.1,1.8,1.8,4.9,4.6,1.1,3.0,Accountant
Lindsey Hayes,4.2,2.5,2.4,0.2,4.7,0.9,2.7,Accountant
Nadine Robinson,5.0,1.8,4.4,0.4,3.3,2.4,1.8,Assassin
Glen Roberts,4.8,1.6,1.1,1.4,2.8,3.9,2.3,Assassin
Israel Richards,4.9,4.1,4.3,3.6,3.5,1.9,2.6,Accountant
Roland Barnett,0.9,5.0,2.0,4.8,0.9,4.4,1.5,Enforcer
Michelle Howard,3.5,4.3,4.0,2.8,1.9,0.5,0.8,Accountant
Tyrone Romero,3.3,4.7,4.9,4.1,2.4,0.8,4.8,Priest
Lindsey Watts,0.3,1.5,3.5,3.8,3.8,2.1,4.2,Priest
Dawn Zimmerman,1.3,2.6,1.5,3.0,2.1,1.2,1.6,Advisor
Janice Singleton,2.5,3.3,0.1,2.8,0.3,1.3,5.0,Recruiter
Lee Pierce,4.0,4.8,2.0,3.1,3.6,0.0,3.9,Recruiter
Phil Christensen,2.3,4.5,4.4,4.0,0.1,0.4,2.3,Priest
Rebecca Bryant,3.5,3.4,4.9,1.1,4.6,4.0,0.2,Accountant
Marion Holt,3.5,2.0,2.3,0.5,3.1,0.2,1.7,Accountant
Jody Holloway,2.9,1.3,0.2,4.2,0.2,4.0,2.3,Advisor
Marie Colon,2.1,0.9,2.7,3.3,0.2,1.2,1.8,Assassin
Lillie Silva,4.8,4.8,2.6,1.3,1.7,2.6,1.6,Enforcer
Sheila Beck,4.7,0.0,1.1,3.7,0.0,2.0,0.9,Assassin
Bruce Rodgers,1.8,3.7,4.8,1.7,3.0,1.7,0.4,Accountant
Danny Payne,3.4,5.0,3.6,1.3,2.7,2.4,1.0,Enforcer
Paul Daniel,4.2,1.2,0.2,2.7,0.1,4.2,1.5,Assassin
Herbert Reid,0.1,4.1,2.5,3.6,2.0,4.6,3.0,Enforcer
Dewey Alvarez,5.0,1.4,4.6,0.3,2.8,0.8,2.4,Assassin
Virgil Stephens,0.1,3.1,1.3,4.6,2.1,3.0,0.0,Advisor
Irene Benson,2.7,2.7,3.2,4.2,0.8,1.8,1.2,Advisor
Lucas Parks,1.8,1.3,1.7,4.9,2.3,1.7,0.4,Accountant
Alyssa Moss,1.4,4.7,1.7,5.0,2.5,2.0,3.4,Recruiter
Harvey Houston,2.3,1.8,3.8,1.3,2.4,1.1,0.3,Accountant
Nathan Lowe,0.4,1.9,1.8,0.1,3.2,4.6,4.0,Enforcer
Bernadette Rios,0.6,3.6,1.3,2.7,0.4,2.7,3.3,Priest
Peter Willis,4.9,4.1,4.0,4.5,5.0,4.8,2.3,Accountant
Roberto Banks,4.6,4.5,1.0,1.4,0.6,3.5,4.9,Enforcer
Francisco Knight,2.3,2.3,3.6,1.0,1.2,3.4,1.9,Enforcer
Marcia Gardner,0.1,1.3,2.9,4.9,4.1,3.3,5.0,Priest
Heidi Alexander,2.2,4.0,0.7,3.6,1.2,0.4,2.7,Recruiter
Sophie Black,3.6,4.1,0.6,4.7,0.1,2.0,2.5,Advisor
Brent Burton,4.8,2.3,0.7,0.3,3.3,0.5,1.5,Advisor
Lucy Richards,1.1,0.8,1.6,1.6,2.2,2.8,1.1,Accountant
Nichole Harmon,3.8,4.3,1.2,0.7,4.6,2.8,1.8,Advisor
Mario Guzman,1.0,1.9,1.5,0.1,1.0,1.4,4.3,Priest
Henry Hines,1.6,1.5,4.2,3.6,2.8,0.5,0.0,Accountant
Elias Walton,2.3,1.6,0.0,1.2,3.2,0.4,5.0,Recruiter
Johnathan Mcdaniel,2.6,4.7,4.2,2.8,0.3,3.3,1.9,Enforcer
Jack Spencer,3.8,2.0,2.1,0.7,0.6,2.0,3.0,Assassin
Kayla Webb,3.2,3.2,3.4,3.7,0.6,2.2,1.8,Enforcer
Toni Howard,3.5,0.1,2.5,2.8,2.2,5.0,2.0,Assassin
Jessie Park,0.6,0.4,2.0,3.8,1.9,5.0,4.2,Priest
Marion Poole,0.5,1.0,1.9,4.9,5.0,3.9,3.8,Priest
Michael Simmons,2.7,4.0,3.6,3.1,1.3,3.2,1.9,Enforcer
Steve Johnston,0.2,4.6,1.8,3.5,1.5,3.1,0.6,Advisor
Clyde Chambers,1.2,2.9,1.5,4.0,4.8,1.2,0.0,Accountant
Claudia Watkins,1.1,0.9,0.4,3.7,4.9,3.5,4.5,Priest
Randal Owens,3.5,0.0,2.2,3.9,0.1,2.3,1.9,Assassin
Donald Lawson,2.4,1.5,0.8,0.5,3.0,0.6,0.7,Accountant
Eleanor Cobb,2.8,0.0,4.8,1.4,3.3,0.6,0.5,Accountant
Jeannie Fox,4.6,2.5,2.3,1.9,0.6,2.6,1.1,Assassin
Faye Crawford,5.0,0.4,3.1,4.8,3.8,1.5,5.0,Assassin
Kent Ballard,2.0,5.0,4.9,3.6,2.2,0.5,4.1,Priest
Misty Fowler,0.1,3.8,4.3,3.2,3.3,3.6,4.0,Priest
Russell Hudson,3.4,2.9,2.9,0.9,1.3,5.0,4.1,Enforcer
Cathy Adkins,2.4,4.1,1.4,0.0,2.8,1.5,4.4,Recruiter
Dennis Fletcher,0.0,4.3,2.5,0.4,4.8,4.9,4.1,Enforcer
Rodolfo Roberts,3.8,1.4,1.4,1.5,2.0,3.3,3.5,Assassin
Edmund Stokes,0.5,3.2,3.6,4.0,0.9,1.9,5.0,Priest
Elmer Mcguire,1.0,0.5,1.9,2.6,4.8,0.2,3.3,Accountant
Wilma Pearson,4.9,3.8,1.4,3.8,1.8,0.8,3.1,Advisor
Gilbert Cummings,1.4,4.7,4.8,4.6,4.1,2.7,0.6,Accountant
Justin Guerrero,4.9,2.5,4.4,1.5,0.9,0.8,4.4,Assassin
Clinton Castillo,0.0,0.2,0.6,1.7,0.3,0.6,3.2,Priest
Kay Ramos,4.7,4.7,3.8,4.0,1.9,3.3,0.3,Accountant
Dwayne Clark,3.1,1.9,0.3,3.5,1.7,4.1,3.0,Advisor
Herman Todd,3.1,0.1,1.0,3.9,2.0,1.5,3.2,Assassin
Elizabeth Glover,0.1,2.5,0.8,4.6,0.6,2.1,3.2,Priest
